Brand,Outdoor Model,Coil/Air Handler,Furnace,AHRI Number,Size,SEER2,HSPF2,Finance,25C Tax Credit
CARRIER,CVAMA3617XMA*,CVAMA3617XMA*,CVAMA3617XMA*,217595624,35400,16,,,No
CARRIER,CVAMA3617XMA*,CVAMA3617XMA*,CVAMA3617XMA*,217595623,35400,16,,,No
CARRIER,CVAVA6124XMA*,CVAVA6124XMA*,CVAVA6124XMA*,217588578,58000,14.5,,,No
CARRIER,CVAVA6124XMA*,CVAVA6124XMA*,CVAVA6124XMA*,217588577,58000,14.5,,,No
CARRIER,CVAVA6124XMA*,CVAVA6124XMA*,CVAVA6124XMA*,217588576,58000,14.5,,,No
CARRIER,CVAVA6024XMA*,CVAVA6024XMA*,CVAVA6024XMA*,217588551,57000,14.3,,,No
CARRIER,CVAVA6024XMA*,CVAVA6024XMA*,CVAVA6024XMA*,217588550,57000,14.3,,,No
CARRIER,CVAVA6024XMA*,CVAVA6024XMA*,CVAVA6024XMA*,217588549,57000,14.3,,,No
CARRIER,CVAVA6021XMA*,CVAVA6021XMA*,CVAVA6021XMA*,217588525,57500,14.3,,,No
CARRIER,CVAVA6021XMA*,CVAVA6021XMA*,CVAVA6021XMA*,217588524,57500,14.3,,,No
CARRIER,CVAVA6021XMA*,CVAVA6021XMA*,CVAVA6021XMA*,217588523,57500,14.3,,,No
CARRIER,CVAMA6021XMA*,CVAMA6021XMA*,CVAMA6021XMA*,217588499,57500,14.5,,,No
CARRIER,CVAMA6021XMA*,CVAMA6021XMA*,CVAMA6021XMA*,217588498,57500,14.5,,,No
CARRIER,CVAMA6021XMA*,CVAMA6021XMA*,CVAMA6021XMA*,217588497,57500,14.5,,,No
CARRIER,CSAH*6012AM*,CSAH*6012AM*,CSAH*6012AM*,217588473,58000,14.5,,,No
CARRIER,CSAH*6012AM*,CSAH*6012AM*,CSAH*6012AM*,217588472,58000,14.5,,,No
CARRIER,CSAH*6012AM*,CSAH*6012AM*,CSAH*6012AM*,217588471,58000,14.5,,,No
CARRIER,CAA**6124AM*,CAA**6124AM*,CAA**6124AM*,217588447,59000,14.5,,,No
CARRIER,CAA**6124AM*,CAA**6124AM*,CAA**6124AM*,217588446,59000,14.5,,,No
CARRIER,CAA**6124AM*,CAA**6124AM*,CAA**6124AM*,217588445,59000,14.5,,,No
CARRIER,CVAVA6124XMA*,CVAVA6124XMA*,CVAVA6124XMA*,217588325,47500,15,,,No
CARRIER,CVAVA6124XMA*,CVAVA6124XMA*,CVAVA6124XMA*,217588324,47500,15,,,No
CARRIER,CVAVA6124XMA*,CVAVA6124XMA*,CVAVA6124XMA*,217588323,47500,15,,,No
CARRIER,CVAVA6121XMA*,CVAVA6121XMA*,CVAVA6121XMA*,217588299,47500,15,,,No
CARRIER,CVAVA6121XMA*,CVAVA6121XMA*,CVAVA6121XMA*,217588298,47500,15,,,No
CARRIER,CVAVA6121XMA*,CVAVA6121XMA*,CVAVA6121XMA*,217588297,47500,15,,,No
CARRIER,CVAVA6021XMA*,CVAVA6021XMA*,CVAVA6021XMA*,217588272,47000,14.5,,,No
CARRIER,CVAVA6021XMA*,CVAVA6021XMA*,CVAVA6021XMA*,217588271,47000,14.5,,,No
CARRIER,CVAVA6021XMA*,CVAVA6021XMA*,CVAVA6021XMA*,217588270,47000,14.5,,,No
CARRIER,CVAVA4924XMA*,CVAVA4924XMA*,CVAVA4924XMA*,217588248,47000,14.5,,,No
CARRIER,CVAVA4924XMA*,CVAVA4924XMA*,CVAVA4924XMA*,217588247,47000,14.5,,,No
CARRIER,CVAVA4924XMA*,CVAVA4924XMA*,CVAVA4924XMA*,217588246,47000,14.5,,,No
CARRIER,CVAVA4824XMA*,CVAVA4824XMA*,CVAVA4824XMA*,217588222,46000,14.5,,,No
CARRIER,CVAVA4824XMA*,CVAVA4824XMA*,CVAVA4824XMA*,217588221,46000,14.5,,,No
CARRIER,CVAVA4824XMA*,CVAVA4824XMA*,CVAVA4824XMA*,217588220,46000,14.5,,,No
CARRIER,CVAVA4821XMA*,CVAVA4821XMA*,CVAVA4821XMA*,217588196,45500,14.3,,,No
CARRIER,CVAVA4821XMA*,CVAVA4821XMA*,CVAVA4821XMA*,217588195,45500,14.3,,,No
CARRIER,CVAVA4821XMA*,CVAVA4821XMA*,CVAVA4821XMA*,217588194,45500,14.3,,,No
CARRIER,CVAMA6024XMA*,CVAMA6024XMA*,CVAMA6024XMA*,217588169,47000,14.5,,,No
CARRIER,CVAMA6024XMA*,CVAMA6024XMA*,CVAMA6024XMA*,217588168,47000,14.5,,,No
CARRIER,CVAMA6024XMA*,CVAMA6024XMA*,CVAMA6024XMA*,217588167,47000,14.5,,,No
CARRIER,CVAMA6021XMA*,CVAMA6021XMA*,CVAMA6021XMA*,217588143,46500,14.3,,,No
CARRIER,CVAMA6021XMA*,CVAMA6021XMA*,CVAMA6021XMA*,217588142,46500,14.3,,,No
CARRIER,CVAMA6021XMA*,CVAMA6021XMA*,CVAMA6021XMA*,217588141,46500,14.3,,,No
CARRIER,CVAMA4921XMA*,CVAMA4921XMA*,CVAMA4921XMA*,217588117,46500,14.3,,,No
CARRIER,CVAMA4921XMA*,CVAMA4921XMA*,CVAMA4921XMA*,217588116,46500,14.3,,,No
CARRIER,CVAMA4921XMA*,CVAMA4921XMA*,CVAMA4921XMA*,217588115,46500,14.3,,,No
CARRIER,CVAMA4821XMA*,CVAMA4821XMA*,CVAMA4821XMA*,217588091,45500,13.8,,,No
CARRIER,CVAMA4821XMA*,CVAMA4821XMA*,CVAMA4821XMA*,217588090,45500,13.8,,,No
BRYANT,CVAMA3617XMA*,CVAMA3617XMA*,CVAMA3617XMA*,217595624,35400,16,,,No
BRYANT,CVAMA3617XMA*,CVAMA3617XMA*,CVAMA3617XMA*,217595623,35400,16,,,No
BRYANT,CVAVA6124XMA*,CVAVA6124XMA*,CVAVA6124XMA*,217588578,58000,14.5,,,No
BRYANT,CVAVA6124XMA*,CVAVA6124XMA*,CVAVA6124XMA*,217588577,58000,14.5,,,No
BRYANT,CVAVA6124XMA*,CVAVA6124XMA*,CVAVA6124XMA*,217588576,58000,14.5,,,No
BRYANT,CVAVA6024XMA*,CVAVA6024XMA*,CVAVA6024XMA*,217588551,57000,14.3,,,No
BRYANT,CVAVA6024XMA*,CVAVA6024XMA*,CVAVA6024XMA*,217588550,57000,14.3,,,No
BRYANT,CVAVA6024XMA*,CVAVA6024XMA*,CVAVA6024XMA*,217588549,57000,14.3,,,No
BRYANT,CVAVA6021XMA*,CVAVA6021XMA*,CVAVA6021XMA*,217588525,57500,14.3,,,No
BRYANT,CVAVA6021XMA*,CVAVA6021XMA*,CVAVA6021XMA*,217588524,57500,14.3,,,No
BRYANT,CVAVA6021XMA*,CVAVA6021XMA*,CVAVA6021XMA*,217588523,57500,14.3,,,No
BRYANT,CVAMA6021XMA*,CVAMA6021XMA*,CVAMA6021XMA*,217588499,57500,14.5,,,No
BRYANT,CVAMA6021XMA*,CVAMA6021XMA*,CVAMA6021XMA*,217588498,57500,14.5,,,No
BRYANT,CVAMA6021XMA*,CVAMA6021XMA*,CVAMA6021XMA*,217588497,57500,14.5,,,No
BRYANT,CSAH*6012AM*,CSAH*6012AM*,CSAH*6012AM*,217588473,58000,14.5,,,No
BRYANT,CSAH*6012AM*,CSAH*6012AM*,CSAH*6012AM*,217588472,58000,14.5,,,No
BRYANT,CSAH*6012AM*,CSAH*6012AM*,CSAH*6012AM*,217588471,58000,14.5,,,No
BRYANT,CAA**6124AM*,CAA**6124AM*,CAA**6124AM*,217588447,59000,14.5,,,No
BRYANT,CAA**6124AM*,CAA**6124AM*,CAA**6124AM*,217588446,59000,14.5,,,No
BRYANT,CAA**6124AM*,CAA**6124AM*,CAA**6124AM*,217588445,59000,14.5,,,No
BRYANT,CVAVA6124XMA*,CVAVA6124XMA*,CVAVA6124XMA*,217588325,47500,15,,,No
BRYANT,CVAVA6124XMA*,CVAVA6124XMA*,CVAVA6124XMA*,217588324,47500,15,,,No
BRYANT,CVAVA6124XMA*,CVAVA6124XMA*,CVAVA6124XMA*,217588323,47500,15,,,No
BRYANT,CVAVA6121XMA*,CVAVA6121XMA*,CVAVA6121XMA*,217588299,47500,15,,,No
BRYANT,CVAVA6121XMA*,CVAVA6121XMA*,CVAVA6121XMA*,217588298,47500,15,,,No
BRYANT,CVAVA6121XMA*,CVAVA6121XMA*,CVAVA6121XMA*,217588297,47500,15,,,No
BRYANT,CVAVA6021XMA*,CVAVA6021XMA*,CVAVA6021XMA*,217588272,47000,14.5,,,No
BRYANT,CVAVA6021XMA*,CVAVA6021XMA*,CVAVA6021XMA*,217588271,47000,14.5,,,No
BRYANT,CVAVA6021XMA*,CVAVA6021XMA*,CVAVA6021XMA*,217588270,47000,14.5,,,No
BRYANT,CVAVA4924XMA*,CVAVA4924XMA*,CVAVA4924XMA*,217588248,47000,14.5,,,No
BRYANT,CVAVA4924XMA*,CVAVA4924XMA*,CVAVA4924XMA*,217588247,47000,14.5,,,No
BRYANT,CVAVA4924XMA*,CVAVA4924XMA*,CVAVA4924XMA*,217588246,47000,14.5,,,No
BRYANT,CVAVA4824XMA*,CVAVA4824XMA*,CVAVA4824XMA*,217588222,46000,14.5,,,No
BRYANT,CVAVA4824XMA*,CVAVA4824XMA*,CVAVA4824XMA*,217588221,46000,14.5,,,No
BRYANT,CVAVA4824XMA*,CVAVA4824XMA*,CVAVA4824XMA*,217588220,46000,14.5,,,No
BRYANT,CVAVA4821XMA*,CVAVA4821XMA*,CVAVA4821XMA*,217588196,45500,14.3,,,No
BRYANT,CVAVA4821XMA*,CVAVA4821XMA*,CVAVA4821XMA*,217588195,45500,14.3,,,No
BRYANT,CVAVA4821XMA*,CVAVA4821XMA*,CVAVA4821XMA*,217588194,45500,14.3,,,No
BRYANT,CVAMA6024XMA*,CVAMA6024XMA*,CVAMA6024XMA*,217588169,47000,14.5,,,No
BRYANT,CVAMA6024XMA*,CVAMA6024XMA*,CVAMA6024XMA*,217588168,47000,14.5,,,No
BRYANT,CVAMA6024XMA*,CVAMA6024XMA*,CVAMA6024XMA*,217588167,47000,14.5,,,No
BRYANT,CVAMA6021XMA*,CVAMA6021XMA*,CVAMA6021XMA*,217588143,46500,14.3,,,No
BRYANT,CVAMA6021XMA*,CVAMA6021XMA*,CVAMA6021XMA*,217588142,46500,14.3,,,No
BRYANT,CVAMA6021XMA*,CVAMA6021XMA*,CVAMA6021XMA*,217588141,46500,14.3,,,No
BRYANT,CVAMA4921XMA*,CVAMA4921XMA*,CVAMA4921XMA*,217588117,46500,14.3,,,No
BRYANT,CVAMA4921XMA*,CVAMA4921XMA*,CVAMA4921XMA*,217588116,46500,14.3,,,No
BRYANT,CVAMA4921XMA*,CVAMA4921XMA*,CVAMA4921XMA*,217588115,46500,14.3,,,No
BRYANT,CVAMA4821XMA*,CVAMA4821XMA*,CVAMA4821XMA*,217588091,45500,13.8,,,No
BRYANT,CVAMA4821XMA*,CVAMA4821XMA*,CVAMA4821XMA*,217588090,45500,13.8,,,No
COMFORTMAKER,CVAMA3617XMA*,CVAMA3617XMA*,CVAMA3617XMA*,217595624,35400,16,,,No
COMFORTMAKER,CVAMA3617XMA*,CVAMA3617XMA*,CVAMA3617XMA*,217595623,35400,16,,,No
COMFORTMAKER,CVAVA6124XMA*,CVAVA6124XMA*,CVAVA6124XMA*,217588578,58000,14.5,,,No
COMFORTMAKER,CVAVA6124XMA*,CVAVA6124XMA*,CVAVA6124XMA*,217588577,58000,14.5,,,No
COMFORTMAKER,CVAVA6124XMA*,CVAVA6124XMA*,CVAVA6124XMA*,217588576,58000,14.5,,,No
COMFORTMAKER,CVAVA6024XMA*,CVAVA6024XMA*,CVAVA6024XMA*,217588551,57000,14.3,,,No
COMFORTMAKER,CVAVA6024XMA*,CVAVA6024XMA*,CVAVA6024XMA*,217588550,57000,14.3,,,No
COMFORTMAKER,CVAVA6024XMA*,CVAVA6024XMA*,CVAVA6024XMA*,217588549,57000,14.3,,,No
COMFORTMAKER,CVAVA6021XMA*,CVAVA6021XMA*,CVAVA6021XMA*,217588525,57500,14.3,,,No
COMFORTMAKER,CVAVA6021XMA*,CVAVA6021XMA*,CVAVA6021XMA*,217588524,57500,14.3,,,No
COMFORTMAKER,CVAVA6021XMA*,CVAVA6021XMA*,CVAVA6021XMA*,217588523,57500,14.3,,,No
COMFORTMAKER,CVAMA6021XMA*,CVAMA6021XMA*,CVAMA6021XMA*,217588499,57500,14.5,,,No
COMFORTMAKER,CVAMA6021XMA*,CVAMA6021XMA*,CVAMA6021XMA*,217588498,57500,14.5,,,No
COMFORTMAKER,CVAMA6021XMA*,CVAMA6021XMA*,CVAMA6021XMA*,217588497,57500,14.5,,,No
COMFORTMAKER,CSAH*6012AM*,CSAH*6012AM*,CSAH*6012AM*,217588473,58000,14.5,,,No
COMFORTMAKER,CSAH*6012AM*,CSAH*6012AM*,CSAH*6012AM*,217588472,58000,14.5,,,No
COMFORTMAKER,CSAH*6012AM*,CSAH*6012AM*,CSAH*6012AM*,217588471,58000,14.5,,,No
COMFORTMAKER,CAA**6124AM*,CAA**6124AM*,CAA**6124AM*,217588447,59000,14.5,,,No
COMFORTMAKER,CAA**6124AM*,CAA**6124AM*,CAA**6124AM*,217588446,59000,14.5,,,No
COMFORTMAKER,CAA**6124AM*,CAA**6124AM*,CAA**6124AM*,217588445,59000,14.5,,,No
COMFORTMAKER,CVAVA6124XMA*,CVAVA6124XMA*,CVAVA6124XMA*,217588325,47500,15,,,No
COMFORTMAKER,CVAVA6124XMA*,CVAVA6124XMA*,CVAVA6124XMA*,217588324,47500,15,,,No
COMFORTMAKER,CVAVA6124XMA*,CVAVA6124XMA*,CVAVA6124XMA*,217588323,47500,15,,,No
COMFORTMAKER,CVAVA6121XMA*,CVAVA6121XMA*,CVAVA6121XMA*,217588299,47500,15,,,No
COMFORTMAKER,CVAVA6121XMA*,CVAVA6121XMA*,CVAVA6121XMA*,217588298,47500,15,,,No
COMFORTMAKER,CVAVA6121XMA*,CVAVA6121XMA*,CVAVA6121XMA*,217588297,47500,15,,,No
COMFORTMAKER,CVAVA6021XMA*,CVAVA6021XMA*,CVAVA6021XMA*,217588272,47000,14.5,,,No
COMFORTMAKER,CVAVA6021XMA*,CVAVA6021XMA*,CVAVA6021XMA*,217588271,47000,14.5,,,No
COMFORTMAKER,CVAVA6021XMA*,CVAVA6021XMA*,CVAVA6021XMA*,217588270,47000,14.5,,,No
COMFORTMAKER,CVAVA4924XMA*,CVAVA4924XMA*,CVAVA4924XMA*,217588248,47000,14.5,,,No
COMFORTMAKER,CVAVA4924XMA*,CVAVA4924XMA*,CVAVA4924XMA*,217588247,47000,14.5,,,No
COMFORTMAKER,CVAVA4924XMA*,CVAVA4924XMA*,CVAVA4924XMA*,217588246,47000,14.5,,,No
COMFORTMAKER,CVAVA4824XMA*,CVAVA4824XMA*,CVAVA4824XMA*,217588222,46000,14.5,,,No
COMFORTMAKER,CVAVA4824XMA*,CVAVA4824XMA*,CVAVA4824XMA*,217588221,46000,14.5,,,No
COMFORTMAKER,CVAVA4824XMA*,CVAVA4824XMA*,CVAVA4824XMA*,217588220,46000,14.5,,,No
COMFORTMAKER,CVAVA4821XMA*,CVAVA4821XMA*,CVAVA4821XMA*,217588196,45500,14.3,,,No
COMFORTMAKER,CVAVA4821XMA*,CVAVA4821XMA*,CVAVA4821XMA*,217588195,45500,14.3,,,No
COMFORTMAKER,CVAVA4821XMA*,CVAVA4821XMA*,CVAVA4821XMA*,217588194,45500,14.3,,,No
COMFORTMAKER,CVAMA6024XMA*,CVAMA6024XMA*,CVAMA6024XMA*,217588169,47000,14.5,,,No
COMFORTMAKER,CVAMA6024XMA*,CVAMA6024XMA*,CVAMA6024XMA*,217588168,47000,14.5,,,No
COMFORTMAKER,CVAMA6024XMA*,CVAMA6024XMA*,CVAMA6024XMA*,217588167,47000,14.5,,,No
COMFORTMAKER,CVAMA6021XMA*,CVAMA6021XMA*,CVAMA6021XMA*,217588143,46500,14.3,,,No
COMFORTMAKER,CVAMA6021XMA*,CVAMA6021XMA*,CVAMA6021XMA*,217588142,46500,14.3,,,No
COMFORTMAKER,CVAMA6021XMA*,CVAMA6021XMA*,CVAMA6021XMA*,217588141,46500,14.3,,,No
COMFORTMAKER,CVAMA4921XMA*,CVAMA4921XMA*,CVAMA4921XMA*,217588117,46500,14.3,,,No
COMFORTMAKER,CVAMA4921XMA*,CVAMA4921XMA*,CVAMA4921XMA*,217588116,46500,14.3,,,No
COMFORTMAKER,CVAMA4921XMA*,CVAMA4921XMA*,CVAMA4921XMA*,217588115,46500,14.3,,,No
COMFORTMAKER,CVAMA4821XMA*,CVAMA4821XMA*,CVAMA4821XMA*,217588091,45500,13.8,,,No
COMFORTMAKER,CVAMA4821XMA*,CVAMA4821XMA*,CVAMA4821XMA*,217588090,45500,13.8,,,No
DAY & NIGHT,CVAMA3617XMA*,CVAMA3617XMA*,CVAMA3617XMA*,217595624,35400,16,,,No
DAY & NIGHT,CVAMA3617XMA*,CVAMA3617XMA*,CVAMA3617XMA*,217595623,35400,16,,,No
DAY & NIGHT,CVAVA6124XMA*,CVAVA6124XMA*,CVAVA6124XMA*,217588578,58000,14.5,,,No
DAY & NIGHT,CVAVA6124XMA*,CVAVA6124XMA*,CVAVA6124XMA*,217588577,58000,14.5,,,No
DAY & NIGHT,CVAVA6124XMA*,CVAVA6124XMA*,CVAVA6124XMA*,217588576,58000,14.5,,,No
DAY & NIGHT,CVAVA6024XMA*,CVAVA6024XMA*,CVAVA6024XMA*,217588551,57000,14.3,,,No
DAY & NIGHT,CVAVA6024XMA*,CVAVA6024XMA*,CVAVA6024XMA*,217588550,57000,14.3,,,No
DAY & NIGHT,CVAVA6024XMA*,CVAVA6024XMA*,CVAVA6024XMA*,217588549,57000,14.3,,,No
DAY & NIGHT,CVAVA6021XMA*,CVAVA6021XMA*,CVAVA6021XMA*,217588525,57500,14.3,,,No
DAY & NIGHT,CVAVA6021XMA*,CVAVA6021XMA*,CVAVA6021XMA*,217588524,57500,14.3,,,No
DAY & NIGHT,CVAVA6021XMA*,CVAVA6021XMA*,CVAVA6021XMA*,217588523,57500,14.3,,,No
DAY & NIGHT,CVAMA6021XMA*,CVAMA6021XMA*,CVAMA6021XMA*,217588499,57500,14.5,,,No
DAY & NIGHT,CVAMA6021XMA*,CVAMA6021XMA*,CVAMA6021XMA*,217588498,57500,14.5,,,No
DAY & NIGHT,CVAMA6021XMA*,CVAMA6021XMA*,CVAMA6021XMA*,217588497,57500,14.5,,,No
DAY & NIGHT,CSAH*6012AM*,CSAH*6012AM*,CSAH*6012AM*,217588473,58000,14.5,,,No
DAY & NIGHT,CSAH*6012AM*,CSAH*6012AM*,CSAH*6012AM*,217588472,58000,14.5,,,No
DAY & NIGHT,CSAH*6012AM*,CSAH*6012AM*,CSAH*6012AM*,217588471,58000,14.5,,,No
DAY & NIGHT,CAA**6124AM*,CAA**6124AM*,CAA**6124AM*,217588447,59000,14.5,,,No
DAY & NIGHT,CAA**6124AM*,CAA**6124AM*,CAA**6124AM*,217588446,59000,14.5,,,No
DAY & NIGHT,CAA**6124AM*,CAA**6124AM*,CAA**6124AM*,217588445,59000,14.5,,,No
DAY & NIGHT,CVAVA6124XMA*,CVAVA6124XMA*,CVAVA6124XMA*,217588325,47500,15,,,No
DAY & NIGHT,CVAVA6124XMA*,CVAVA6124XMA*,CVAVA6124XMA*,217588324,47500,15,,,No
DAY & NIGHT,CVAVA6124XMA*,CVAVA6124XMA*,CVAVA6124XMA*,217588323,47500,15,,,No
DAY & NIGHT,CVAVA6121XMA*,CVAVA6121XMA*,CVAVA6121XMA*,217588299,47500,15,,,No
DAY & NIGHT,CVAVA6121XMA*,CVAVA6121XMA*,CVAVA6121XMA*,217588298,47500,15,,,No
DAY & NIGHT,CVAVA6121XMA*,CVAVA6121XMA*,CVAVA6121XMA*,217588297,47500,15,,,No
DAY & NIGHT,CVAVA6021XMA*,CVAVA6021XMA*,CVAVA6021XMA*,217588272,47000,14.5,,,No
DAY & NIGHT,CVAVA6021XMA*,CVAVA6021XMA*,CVAVA6021XMA*,217588271,47000,14.5,,,No
DAY & NIGHT,CVAVA6021XMA*,CVAVA6021XMA*,CVAVA6021XMA*,217588270,47000,14.5,,,No
DAY & NIGHT,CVAVA4924XMA*,CVAVA4924XMA*,CVAVA4924XMA*,217588248,47000,14.5,,,No
DAY & NIGHT,CVAVA4924XMA*,CVAVA4924XMA*,CVAVA4924XMA*,217588247,47000,14.5,,,No
DAY & NIGHT,CVAVA4924XMA*,CVAVA4924XMA*,CVAVA4924XMA*,217588246,47000,14.5,,,No
DAY & NIGHT,CVAVA4824XMA*,CVAVA4824XMA*,CVAVA4824XMA*,217588222,46000,14.5,,,No
DAY & NIGHT,CVAVA4824XMA*,CVAVA4824XMA*,CVAVA4824XMA*,217588221,46000,14.5,,,No
DAY & NIGHT,CVAVA4824XMA*,CVAVA4824XMA*,CVAVA4824XMA*,217588220,46000,14.5,,,No
DAY & NIGHT,CVAVA4821XMA*,CVAVA4821XMA*,CVAVA4821XMA*,217588196,45500,14.3,,,No
DAY & NIGHT,CVAVA4821XMA*,CVAVA4821XMA*,CVAVA4821XMA*,217588195,45500,14.3,,,No
DAY & NIGHT,CVAVA4821XMA*,CVAVA4821XMA*,CVAVA4821XMA*,217588194,45500,14.3,,,No
DAY & NIGHT,CVAMA6024XMA*,CVAMA6024XMA*,CVAMA6024XMA*,217588169,47000,14.5,,,No
DAY & NIGHT,CVAMA6024XMA*,CVAMA6024XMA*,CVAMA6024XMA*,217588168,47000,14.5,,,No
DAY & NIGHT,CVAMA6024XMA*,CVAMA6024XMA*,CVAMA6024XMA*,217588167,47000,14.5,,,No
DAY & NIGHT,CVAMA6021XMA*,CVAMA6021XMA*,CVAMA6021XMA*,217588143,46500,14.3,,,No
DAY & NIGHT,CVAMA6021XMA*,CVAMA6021XMA*,CVAMA6021XMA*,217588142,46500,14.3,,,No
DAY & NIGHT,CVAMA6021XMA*,CVAMA6021XMA*,CVAMA6021XMA*,217588141,46500,14.3,,,No
DAY & NIGHT,CVAMA4921XMA*,CVAMA4921XMA*,CVAMA4921XMA*,217588117,46500,14.3,,,No
DAY & NIGHT,CVAMA4921XMA*,CVAMA4921XMA*,CVAMA4921XMA*,217588116,46500,14.3,,,No
DAY & NIGHT,CVAMA4921XMA*,CVAMA4921XMA*,CVAMA4921XMA*,217588115,46500,14.3,,,No
DAY & NIGHT,CVAMA4821XMA*,CVAMA4821XMA*,CVAMA4821XMA*,217588091,45500,13.8,,,No
DAY & NIGHT,CVAMA4821XMA*,CVAMA4821XMA*,CVAMA4821XMA*,217588090,45500,13.8,,,No
PAYNE,CVAMA3617XMA*,CVAMA3617XMA*,CVAMA3617XMA*,217595623,35400,16,,,No
PAYNE,CVAVA6124XMA*,CVAVA6124XMA*,CVAVA6124XMA*,217588578,58000,14.5,,,No
PAYNE,CVAVA6124XMA*,CVAVA6124XMA*,CVAVA6124XMA*,217588577,58000,14.5,,,No
PAYNE,CVAVA6124XMA*,CVAVA6124XMA*,CVAVA6124XMA*,217588576,58000,14.5,,,No
PAYNE,CVAVA6024XMA*,CVAVA6024XMA*,CVAVA6024XMA*,217588551,57000,14.3,,,No
PAYNE,CVAVA6024XMA*,CVAVA6024XMA*,CVAVA6024XMA*,217588550,57000,14.3,,,No
PAYNE,CVAVA6024XMA*,CVAVA6024XMA*,CVAVA6024XMA*,217588549,57000,14.3,,,No
PAYNE,CVAVA6021XMA*,CVAVA6021XMA*,CVAVA6021XMA*,217588525,57500,14.3,,,No
PAYNE,CVAVA6021XMA*,CVAVA6021XMA*,CVAVA6021XMA*,217588524,57500,14.3,,,No
PAYNE,CVAVA6021XMA*,CVAVA6021XMA*,CVAVA6021XMA*,217588523,57500,14.3,,,No
PAYNE,CVAMA6021XMA*,CVAMA6021XMA*,CVAMA6021XMA*,217588499,57500,14.5,,,No
PAYNE,CVAMA6021XMA*,CVAMA6021XMA*,CVAMA6021XMA*,217588498,57500,14.5,,,No
PAYNE,CVAMA6021XMA*,CVAMA6021XMA*,CVAMA6021XMA*,217588497,57500,14.5,,,No
PAYNE,CSAH*6012AM*,CSAH*6012AM*,CSAH*6012AM*,217588473,58000,14.5,,,No
PAYNE,CSAH*6012AM*,CSAH*6012AM*,CSAH*6012AM*,217588472,58000,14.5,,,No
PAYNE,CSAH*6012AM*,CSAH*6012AM*,CSAH*6012AM*,217588471,58000,14.5,,,No
PAYNE,CAA**6124AM*,CAA**6124AM*,CAA**6124AM*,217588447,59000,14.5,,,No
PAYNE,CAA**6124AM*,CAA**6124AM*,CAA**6124AM*,217588446,59000,14.5,,,No
PAYNE,CAA**6124AM*,CAA**6124AM*,CAA**6124AM*,217588445,59000,14.5,,,No
PAYNE,CVAVA6124XMA*,CVAVA6124XMA*,CVAVA6124XMA*,217588325,47500,15,,,No
PAYNE,CVAVA6124XMA*,CVAVA6124XMA*,CVAVA6124XMA*,217588324,47500,15,,,No
PAYNE,CVAVA6124XMA*,CVAVA6124XMA*,CVAVA6124XMA*,217588323,47500,15,,,No
PAYNE,CVAVA6121XMA*,CVAVA6121XMA*,CVAVA6121XMA*,217588299,47500,15,,,No
PAYNE,CVAVA6121XMA*,CVAVA6121XMA*,CVAVA6121XMA*,217588298,47500,15,,,No
PAYNE,CVAVA6121XMA*,CVAVA6121XMA*,CVAVA6121XMA*,217588297,47500,15,,,No
PAYNE,CVAVA6021XMA*,CVAVA6021XMA*,CVAVA6021XMA*,217588272,47000,14.5,,,No
PAYNE,CVAVA6021XMA*,CVAVA6021XMA*,CVAVA6021XMA*,217588271,47000,14.5,,,No
PAYNE,CVAVA6021XMA*,CVAVA6021XMA*,CVAVA6021XMA*,217588270,47000,14.5,,,No
PAYNE,CVAVA4924XMA*,CVAVA4924XMA*,CVAVA4924XMA*,217588248,47000,14.5,,,No
PAYNE,CVAVA4924XMA*,CVAVA4924XMA*,CVAVA4924XMA*,217588247,47000,14.5,,,No
PAYNE,CVAVA4924XMA*,CVAVA4924XMA*,CVAVA4924XMA*,217588246,47000,14.5,,,No
PAYNE,CVAVA4824XMA*,CVAVA4824XMA*,CVAVA4824XMA*,217588222,46000,14.5,,,No
PAYNE,CVAVA4824XMA*,CVAVA4824XMA*,CVAVA4824XMA*,217588221,46000,14.5,,,No
PAYNE,CVAVA4824XMA*,CVAVA4824XMA*,CVAVA4824XMA*,217588220,46000,14.5,,,No
PAYNE,CVAVA4821XMA*,CVAVA4821XMA*,CVAVA4821XMA*,217588196,45500,14.3,,,No
PAYNE,CVAVA4821XMA*,CVAVA4821XMA*,CVAVA4821XMA*,217588195,45500,14.3,,,No
PAYNE,CVAVA4821XMA*,CVAVA4821XMA*,CVAVA4821XMA*,217588194,45500,14.3,,,No
PAYNE,CVAMA6024XMA*,CVAMA6024XMA*,CVAMA6024XMA*,217588169,47000,14.5,,,No
PAYNE,CVAMA6024XMA*,CVAMA6024XMA*,CVAMA6024XMA*,217588168,47000,14.5,,,No
PAYNE,CVAMA6024XMA*,CVAMA6024XMA*,CVAMA6024XMA*,217588167,47000,14.5,,,No
PAYNE,CVAMA6021XMA*,CVAMA6021XMA*,CVAMA6021XMA*,217588143,46500,14.3,,,No
PAYNE,CVAMA6021XMA*,CVAMA6021XMA*,CVAMA6021XMA*,217588142,46500,14.3,,,No
PAYNE,CVAMA6021XMA*,CVAMA6021XMA*,CVAMA6021XMA*,217588141,46500,14.3,,,No
PAYNE,CVAMA4921XMA*,CVAMA4921XMA*,CVAMA4921XMA*,217588117,46500,14.3,,,No
PAYNE,CVAMA4921XMA*,CVAMA4921XMA*,CVAMA4921XMA*,217588116,46500,14.3,,,No
PAYNE,CVAMA4921XMA*,CVAMA4921XMA*,CVAMA4921XMA*,217588115,46500,14.3,,,No
PAYNE,CVAMA4821XMA*,CVAMA4821XMA*,CVAMA4821XMA*,217588091,45500,13.8,,,No
PAYNE,CVAMA4821XMA*,CVAMA4821XMA*,CVAMA4821XMA*,217588090,45500,13.8,,,No
TEMPSTAR,CVAMA3617XMA*,CVAMA3617XMA*,CVAMA3617XMA*,217595623,35400,16,,,No
TEMPSTAR,CVAVA6124XMA*,CVAVA6124XMA*,CVAVA6124XMA*,217588578,58000,14.5,,,No
TEMPSTAR,CVAVA6124XMA*,CVAVA6124XMA*,CVAVA6124XMA*,217588577,58000,14.5,,,No
TEMPSTAR,CVAVA6124XMA*,CVAVA6124XMA*,CVAVA6124XMA*,217588576,58000,14.5,,,No
TEMPSTAR,CVAVA6024XMA*,CVAVA6024XMA*,CVAVA6024XMA*,217588551,57000,14.3,,,No
TEMPSTAR,CVAVA6024XMA*,CVAVA6024XMA*,CVAVA6024XMA*,217588550,57000,14.3,,,No
TEMPSTAR,CVAVA6024XMA*,CVAVA6024XMA*,CVAVA6024XMA*,217588549,57000,14.3,,,No
TEMPSTAR,CVAVA6021XMA*,CVAVA6021XMA*,CVAVA6021XMA*,217588525,57500,14.3,,,No
TEMPSTAR,CVAVA6021XMA*,CVAVA6021XMA*,CVAVA6021XMA*,217588524,57500,14.3,,,No
TEMPSTAR,CVAVA6021XMA*,CVAVA6021XMA*,CVAVA6021XMA*,217588523,57500,14.3,,,No
TEMPSTAR,CVAMA6021XMA*,CVAMA6021XMA*,CVAMA6021XMA*,217588499,57500,14.5,,,No
TEMPSTAR,CVAMA6021XMA*,CVAMA6021XMA*,CVAMA6021XMA*,217588498,57500,14.5,,,No
TEMPSTAR,CVAMA6021XMA*,CVAMA6021XMA*,CVAMA6021XMA*,217588497,57500,14.5,,,No
TEMPSTAR,CSAH*6012AM*,CSAH*6012AM*,CSAH*6012AM*,217588473,58000,14.5,,,No
TEMPSTAR,CSAH*6012AM*,CSAH*6012AM*,CSAH*6012AM*,217588472,58000,14.5,,,No
TEMPSTAR,CSAH*6012AM*,CSAH*6012AM*,CSAH*6012AM*,217588471,58000,14.5,,,No
TEMPSTAR,CAA**6124AM*,CAA**6124AM*,CAA**6124AM*,217588447,59000,14.5,,,No
TEMPSTAR,CAA**6124AM*,CAA**6124AM*,CAA**6124AM*,217588446,59000,14.5,,,No
TEMPSTAR,CAA**6124AM*,CAA**6124AM*,CAA**6124AM*,217588445,59000,14.5,,,No
TEMPSTAR,CVAVA6124XMA*,CVAVA6124XMA*,CVAVA6124XMA*,217588325,47500,15,,,No
TEMPSTAR,CVAVA6124XMA*,CVAVA6124XMA*,CVAVA6124XMA*,217588324,47500,15,,,No
TEMPSTAR,CVAVA6124XMA*,CVAVA6124XMA*,CVAVA6124XMA*,217588323,47500,15,,,No
TEMPSTAR,CVAVA6121XMA*,CVAVA6121XMA*,CVAVA6121XMA*,217588299,47500,15,,,No
TEMPSTAR,CVAVA6121XMA*,CVAVA6121XMA*,CVAVA6121XMA*,217588298,47500,15,,,No
TEMPSTAR,CVAVA6121XMA*,CVAVA6121XMA*,CVAVA6121XMA*,217588297,47500,15,,,No
TEMPSTAR,CVAVA6021XMA*,CVAVA6021XMA*,CVAVA6021XMA*,217588272,47000,14.5,,,No
TEMPSTAR,CVAVA6021XMA*,CVAVA6021XMA*,CVAVA6021XMA*,217588271,47000,14.5,,,No
TEMPSTAR,CVAVA6021XMA*,CVAVA6021XMA*,CVAVA6021XMA*,217588270,47000,14.5,,,No
TEMPSTAR,CVAVA4924XMA*,CVAVA4924XMA*,CVAVA4924XMA*,217588248,47000,14.5,,,No
TEMPSTAR,CVAVA4924XMA*,CVAVA4924XMA*,CVAVA4924XMA*,217588247,47000,14.5,,,No
TEMPSTAR,CVAVA4924XMA*,CVAVA4924XMA*,CVAVA4924XMA*,217588246,47000,14.5,,,No
TEMPSTAR,CVAVA4824XMA*,CVAVA4824XMA*,CVAVA4824XMA*,217588222,46000,14.5,,,No
TEMPSTAR,CVAVA4824XMA*,CVAVA4824XMA*,CVAVA4824XMA*,217588221,46000,14.5,,,No
TEMPSTAR,CVAVA4824XMA*,CVAVA4824XMA*,CVAVA4824XMA*,217588220,46000,14.5,,,No
TEMPSTAR,CVAVA4821XMA*,CVAVA4821XMA*,CVAVA4821XMA*,217588196,45500,14.3,,,No
TEMPSTAR,CVAVA4821XMA*,CVAVA4821XMA*,CVAVA4821XMA*,217588195,45500,14.3,,,No
TEMPSTAR,CVAVA4821XMA*,CVAVA4821XMA*,CVAVA4821XMA*,217588194,45500,14.3,,,No
TEMPSTAR,CVAMA6024XMA*,CVAMA6024XMA*,CVAMA6024XMA*,217588169,47000,14.5,,,No
TEMPSTAR,CVAMA6024XMA*,CVAMA6024XMA*,CVAMA6024XMA*,217588168,47000,14.5,,,No
TEMPSTAR,CVAMA6024XMA*,CVAMA6024XMA*,CVAMA6024XMA*,217588167,47000,14.5,,,No
TEMPSTAR,CVAMA6021XMA*,CVAMA6021XMA*,CVAMA6021XMA*,217588143,46500,14.3,,,No
TEMPSTAR,CVAMA6021XMA*,CVAMA6021XMA*,CVAMA6021XMA*,217588142,46500,14.3,,,No
TEMPSTAR,CVAMA6021XMA*,CVAMA6021XMA*,CVAMA6021XMA*,217588141,46500,14.3,,,No
TEMPSTAR,CVAMA4921XMA*,CVAMA4921XMA*,CVAMA4921XMA*,217588117,46500,14.3,,,No
TEMPSTAR,CVAMA4921XMA*,CVAMA4921XMA*,CVAMA4921XMA*,217588116,46500,14.3,,,No
TEMPSTAR,CVAMA4921XMA*,CVAMA4921XMA*,CVAMA4921XMA*,217588115,46500,14.3,,,No
TEMPSTAR,CVAMA4821XMA*,CVAMA4821XMA*,CVAMA4821XMA*,217588091,45500,13.8,,,No
TEMPSTAR,CVAMA4821XMA*,CVAMA4821XMA*,CVAMA4821XMA*,217588090,45500,13.8,,,No
